N,TSP0C5MU9-01,W9Y6X859
N,TSP09G150-01,W9Y6X852
N,TSP0HQFG9-02,ZYWLC9YCXXX9
N,TSP0HQGLV-02,ZYWLC943XXX9
N,TSP0HNYTL-02,ZYWLYWKHXXX9
N,TSP0HQ5FG-02,ZYWLYW9LXXX9
N,TSP0HNYLR-02,ZYWLYCWHXXX9
N,TSP0HMUAR-02,ZYWLC72PXXX9
N,TSP0HR05W-02,WCWLYC9CXXX9
N,TSP0HQ4CE-02,ZYWLYCVNXXX9
N,TSP0HR2CJ-02,ZYWLYYXPXXX9
N,TSP0HQGA6-02,ZYWLYYX3XXX9
N,TSP0HTRC4-02,ZYWLYG9HXXX9
N,TSP0JKFVU-02,ZYWLYTV5XXX9
N,TSP0JKDER-02,ZYWLYTLRXXX9
N,TSP0H5VAT-02,ZYWLYVYJXXX9
N,TSP0HREB0-02,WCWLYVLJXXX9
N,TSP0HREB0-02,WCWLYVLJXXX2
N,TSP0HREB0-02,WCWLYVLJXXX3
N,TSP0H5VB7-02,ZYWLYVPJXXX9
N,TSP0J77QX-02,ZYWLYM29XXX9
N,TSP0HR1WR-22,ZYWLYR3NXXX9
N,TSP0JL0DQ-02,ZYWLFGMHXXX9
N,TSP0JKEF8-02,WCWLYWWMXXX9
N,TSP0HREN3-02,WCWLYV64XXX9
N,TSP0HREN3-02,WCWLYV64XXX2
N,TSP0HREN3-02,WCWLYV64XXX3
N,TSP0JL4DH-02,ZYWLYWHYXXX9
N,TSP0GDKH6-02,WCWLYWSWXXX9
N,TSP0GDKH6-02,WCWLYWSWXXX2
N,TSP0GDKH6-02,WCWLYWSWXXX3
N,TSP09FXFX-02,WCWLYW8NXXX9
N,TSP09FXFX-02,WCWLYW8NXXX2
N,TSP0JL0CU-02,ZYWLY8F8XXX9
N,TSP0C7GYT-02,WCWLY8HWXXX9
N,TSP0C7GYT-02,WCWLY8HWXXX2
N,TSP0JM4RX-22,ZYWLFGG5XXX9
N,TSP0JNWFJ-02,CWWLGW4HXXX9
N,TSP0JNWFJ-02,CWWLGW4HXXX2
N,TSP0JNWFJ-02,CWWLGW4HXXX3
N,TSP0JNWFJ-02,CWWLGW4HXXX4
N,TSP0JNWFJ-02,CWWLGW4HXXX5
N,TSP0JNWFJ-02,CWWLGW4HXXX6
N,TSP0JNWFJ-02,CWWLGW4HXXX7
N,TSP0JNWFJ-02,CWWLGW4HXXX8
N,TSP0JNWFJ-02,CWWLGW4HXXX9
N,TSP0JNWFJ-02,CWWLGW4HXX9X
N,TSP0JNWFJ-02,CWWLGW4HXX99
N,TSP0JNWFJ-02,CWWLGW4HXX92
N,TSP0JNWFJ-02,CWWLGW4HXX93
N,TSP0JNWFJ-02,CWWLGW4HXX94
N,TSP0JNWFJ-02,CWWLGW4HXX95
N,TSP0JNWFJ-02,CWWLGW4HXX96
N,TSP0JNWFJ-02,CWWLGW4HXX97
N,TSP0JNWFJ-02,CWWLGW4HXX98
N,TSP0JNWFJ-02,CWWLGW4HXX99
N,TSP0JNWFJ-02,CWWLGW4HXX2X
N,TSP0JNWFJ-02,CWWLGW4HXX29
N,TSP0JNWFJ-02,CWWLGW4HXX22
N,TSP0JNWFJ-02,CWWLGW4HXX23
N,TSP0JNWFJ-02,CYWLGW4HXX24
N,TSP0JL0HK-02,ZYWLGC4LXXX9
N,TSP0JMF4W-22,ZYWLGC7NXXX9
N,TSP0JL4HC-02,ZYWLGYLWXXX9
N,TSP0HR42D-02,ZYWLGYLNXXX9
N,TSP0JNWE6-02,CWWLGYWXXXX9
N,TSP0JNWE6-02,CWWLGYWXXXX2
N,TSP0JNWE6-02,CWWLGYWXXXX3
N,TSP0JNWE6-02,CWWLGYWXXXX4
N,TSP0JNWE6-02,CWWLGYWXXXX5
N,TSP0JNWE6-02,CWWLGYWXXXX6
N,TSP0JNWE6-02,CWWLGYWXXXX7
N,TSP0JNWE6-02,CWWLGYWXXXX8
N,TSP0JNWE6-02,CWWLGYWXXXX9
N,TSP0JNWE6-02,CWWLGYWXXX9X
N,TSP0JNWE6-02,CWWLGYWXXX99
N,TSP0JNWE6-02,CWWLGYWXXX92
N,TSP0JNWE6-02,CWWLGYWXXX93
N,TSP0JNWE6-02,CWWLGYWXXX94
N,TSP0JNWE6-02,CWWLGYWXXX95
N,TSP0JNWE6-02,CWWLGYWXXX96
N,TSP0JNWE6-02,CWWLGYWXXX97
N,TSP0JNWE6-02,CWWLGYWXXX98
N,TSP0JNWE6-02,CWWLGYWXXX99
N,TSP0JNWE6-02,CWWLGYWXXX2X
N,TSP0JNWE6-02,CWWLGYWXXX29
N,TSP0JNWE6-02,CWWLGYWXXX22
N,TSP0JNWE6-02,CWWLGYWXXX23
N,TSP0JNWE6-02,CYWLGYWXXX24
N,TSP0JKE4P-02,ZYWLGYW9XXX9
N,TSP0JNNLU-02,MGWLGYM2XXX9
N,TSP0JNNKX-02,MGWLGJW3XXX9
N,TSP0E8QCG-02,T6WLFV82XXX9
N,TSP0E8QGA-02,T6WLFWCCXXX9
N,TSP09Q82C-02,WCWLF9PWXXX9
N,TSP09Q82C-02,WCWLF9PWXXX2
N,TSP09Q82C-02,WCWLF9PWXXX3
N,TSP0JTYL7-20,ZYWLF9P9XXX9
N,TSP0JNK5N-02,CWWLF93LXXX9
N,TSP0JNK5N-02,CWWLF93LXXX2
N,TSP0JNK5N-02,CWWLF93LXXX3
N,TSP0JNK5N-02,CWWLF93LXXX4
N,TSP0JNK5N-02,CWWLF93LXXX5
N,TSP0JNK5N-02,CWWLF93LXXX6
N,TSP0JNK5N-02,CWWLF93LXXX7
N,TSP0JNK5N-02,CWWLF93LXXX8
N,TSP0JNK5N-02,CWWLF93LXXX9
N,TSP0JNK5N-02,CWWLF93LXX9X
N,TSP0JNK5N-02,CWWLF93LXX99
N,TSP0JNK5N-02,CWWLF93LXX92
N,TSP0JNK5N-02,CWWLF93LXX93
N,TSP0JNK5N-02,CWWLF93LXX94
N,TSP0JNK5N-02,CWWLF93LXX95
N,TSP0JNK5N-02,CWWLF93LXX96
N,TSP0JNK5N-02,CWWLF93LXX97
N,TSP0JNK5N-02,CWWLF93LXX98
N,TSP0JNK5N-02,CWWLF93LXX99
N,TSP0JNK5N-02,CWWLF93LXX2X
N,TSP0JNK5N-02,CWWLF93LXX29
N,TSP0JNK5N-02,CWWLF93LXX22
N,TSP0JNK5N-02,CWWLF93LXX23
N,TSP0JNK5N-02,CYWLF93LXX24
N,TSP0HTURB-02,ZYWLF93SXXX9
N,TSP0JL57H-02,ZYWLF9WTXXX9
N,TSP0JNWHE-02,CWWLGWCTXXX9
N,TSP0JNWHE-02,CWWLGWCTXXX2
N,TSP0JNWHE-02,CWWLGWCTXXX3
N,TSP0JNWHE-02,CWWLGWCTXXX4
N,TSP0JNWHE-02,CWWLGWCTXXX5
N,TSP0JNWHE-02,CWWLGWCTXXX6
N,TSP0JNWHE-02,CWWLGWCTXXX7
N,TSP0JNWHE-02,CWWLGWCTXXX8
N,TSP0JNWHE-02,CWWLGWCTXXX9
N,TSP0JNWHE-02,CWWLGWCTXX9X
N,TSP0JNWHE-02,CWWLGWCTXX99
N,TSP0JNWHE-02,CWWLGWCTXX92
N,TSP0JNWHE-02,CWWLGWCTXX93
N,TSP0JNWHE-02,CWWLGWCTXX94
N,TSP0JNWHE-02,CWWLGWCTXX95
N,TSP0JNWHE-02,CWWLGWCTXX96
N,TSP0JNWHE-02,CWWLGWCTXX97
N,TSP0JNWHE-02,CWWLGWCTXX98
N,TSP0JNWHE-02,CWWLGWCTXX99
N,TSP0JNWHE-02,CWWLGWCTXX2X
N,TSP0JNWHE-02,CWWLGWCTXX29
N,TSP0JNWHE-02,CWWLGWCTXX22
N,TSP0JNWHE-02,CWWLGWCTXX23
N,TSP0JNWHE-02,CYWLGWCTXX24
N,TSP0JNWGG-02,CWWLGWCVXXX9
N,TSP0JNWGG-02,CWWLGWCVXXX2
N,TSP0JNWGG-02,CWWLGWCVXXX3
N,TSP0JNWGG-02,CWWLGWCVXXX4
N,TSP0JNWGG-02,CWWLGWCVXXX5
N,TSP0JNWGG-02,CWWLGWCVXXX6
N,TSP0JNWGG-02,CWWLGWCVXXX7
N,TSP0JNWGG-02,CWWLGWCVXXX8
N,TSP0JNWGG-02,CWWLGWCVXXX9
N,TSP0JNWGG-02,CWWLGWCVXX9X
N,TSP0JNWGG-02,CWWLGWCVXX99
N,TSP0JNWGG-02,CWWLGWCVXX92
N,TSP0JNWGG-02,CWWLGWCVXX93
N,TSP0JNWGG-02,CWWLGWCVXX94
N,TSP0JNWGG-02,CWWLGWCVXX95
N,TSP0JNWGG-02,CWWLGWCVXX96
N,TSP0JNWGG-02,CWWLGWCVXX97
N,TSP0JNWGG-02,CWWLGWCVXX98
N,TSP0JNWGG-02,CWWLGWCVXX99
N,TSP0JNWGG-02,CWWLGWCVXX2X
N,TSP0JNWGG-02,CWWLGWCVXX29
N,TSP0JNWGG-02,CWWLGWCVXX22
N,TSP0JNWGG-02,CWWLGWCVXX23
N,TSP0JNWGG-02,CYWLGWCVXX24
N,TSP0JP0KR-02,ZYWLGWC4XXX9
N,TSP0JP0WT-02,CWWLGWC5XXX9
N,TSP0JP0WT-02,CWWLGWC5XXX2
N,TSP0JP0WT-02,CWWLGWC5XXX3
N,TSP0JP0WT-02,CWWLGWC5XXX4
N,TSP0JP0WT-02,CWWLGWC5XXX5
N,TSP0JP0WT-02,CWWLGWC5XXX6
N,TSP0JP0WT-02,CWWLGWC5XXX7
N,TSP0JP0WT-02,CWWLGWC5XXX8
N,TSP0JP0WT-02,CWWLGWC5XXX9
N,TSP0JP0WT-02,CWWLGWC5XX9X
N,TSP0JP0WT-02,CWWLGWC5XX99
N,TSP0JP0WT-02,CWWLGWC5XX92
N,TSP0JP0WT-02,CWWLGWC5XX93
N,TSP0JP0WT-02,CWWLGWC5XX94
N,TSP0JP0WT-02,CWWLGWC5XX95
N,TSP0JP0WT-02,CWWLGWC5XX96
N,TSP0JP0WT-02,CWWLGWC5XX97
N,TSP0JP0WT-02,CWWLGWC5XX98
N,TSP0JP0WT-02,CWWLGWC5XX99
N,TSP0JP0WT-02,CWWLGWC5XX2X
N,TSP0JP0WT-02,CWWLGWC5XX29
N,TSP0JP0WT-02,CWWLGWC5XX22
N,TSP0JP0WT-02,CWWLGWC5XX23
N,TSP0JP0WT-02,CYWLGWC5XX24
N,TSP0JNRVK-02,CWWLF945XXX9
N,TSP0JNRVK-02,CWWLF945XXX2
N,TSP0JNRVK-02,CWWLF945XXX3
N,TSP0JNRVK-02,CWWLF945XXX4
N,TSP0JNRVK-02,CWWLF945XXX5
N,TSP0JNRVK-02,CWWLF945XXX6
N,TSP0JNRVK-02,CWWLF945XXX7
N,TSP0JNRVK-02,CWWLF945XXX8
N,TSP0JNRVK-02,CWWLF945XXX9
N,TSP0JNRVK-02,CWWLF945XX9X
N,TSP0JNRVK-02,CWWLF945XX99
N,TSP0JNRVK-02,CWWLF945XX92
N,TSP0JNRVK-02,CWWLF945XX93
N,TSP0JNRVK-02,CWWLF945XX94
N,TSP0JNRVK-02,CWWLF945XX95
N,TSP0JNRVK-02,CWWLF945XX96
N,TSP0JNRVK-02,CWWLF945XX97
N,TSP0JNRVK-02,CWWLF945XX98
N,TSP0JNRVK-02,CWWLF945XX99
N,TSP0JNRVK-02,CWWLF945XX2X
N,TSP0JNRVK-02,CWWLF945XX29
N,TSP0JNRVK-02,CWWLF945XX22
N,TSP0JNRVK-02,CWWLF945XX23
N,TSP0JNRVK-02,CYWLF945XX24
N,TSP0JMT1V-22,ZYWLF948XXX9
N,TSP09Q7UW-02,WCWLF97HXXX9
N,TSP09Q7UW-02,WCWLF97HXXX2
N,TSP09Q7UW-02,WCWLF97HXXX3
N,TSP09Q96H-02,WCWLF97LXXX9
N,TSP09Q96H-02,WCWLF97LXXX2
N,TSP09Q96H-02,WCWLF97LXXX3
N,TSP0JP0EP-02,CWWLF982XXX9
N,TSP0JP0EP-02,CWWLF982XXX2
N,TSP0JP0EP-02,CWWLF982XXX3
N,TSP0JP0EP-02,CWWLF982XXX4
N,TSP0JP0EP-02,CWWLF982XXX5
N,TSP0JP0EP-02,CWWLF982XXX6
N,TSP0JP0EP-02,CWWLF982XXX7
N,TSP0JP0EP-02,CWWLF982XXX8
N,TSP0JP0EP-02,CWWLF982XXX9
N,TSP0JP0EP-02,CWWLF982XX9X
N,TSP0JP0EP-02,CWWLF982XX99
N,TSP0JP0EP-02,CWWLF982XX92
N,TSP0JP0EP-02,CWWLF982XX93
N,TSP0JP0EP-02,CWWLF982XX94
N,TSP0JP0EP-02,CWWLF982XX95
N,TSP0JP0EP-02,CWWLF982XX96
N,TSP0JP0EP-02,CWWLF982XX97
N,TSP0JP0EP-02,CWWLF982XX98
N,TSP0JP0EP-02,CWWLF982XX99
N,TSP0JP0EP-02,CWWLF982XX2X
N,TSP0JP0EP-02,CWWLF982XX29
N,TSP0JP0EP-02,CWWLF982XX22
N,TSP0JP0EP-02,CWWLF982XX23
N,TSP0JP0EP-02,CYWLF982XX24
N,TSP0JNYT1-02,CWWLGWHNXXX9
N,TSP0JNYT1-02,CWWLGWHNXXX2
N,TSP0JNYT1-02,CWWLGWHNXXX3
N,TSP0JNYT1-02,CWWLGWHNXXX4
N,TSP0JNYT1-02,CWWLGWHNXXX5
N,TSP0JNYT1-02,CWWLGWHNXXX6
N,TSP0JNYT1-02,CWWLGWHNXXX7
N,TSP0JNYT1-02,CWWLGWHNXXX8
N,TSP0JNYT1-02,CWWLGWHNXXX9
N,TSP0JNYT1-02,CWWLGWHNXX9X
N,TSP0JNYT1-02,CWWLGWHNXX99
N,TSP0JNYT1-02,CWWLGWHNXX92
N,TSP0JNYT1-02,CWWLGWHNXX93
N,TSP0JNYT1-02,CWWLGWHNXX94
N,TSP0JNYT1-02,CWWLGWHNXX95
N,TSP0JNYT1-02,CWWLGWHNXX96
N,TSP0JNYT1-02,CWWLGWHNXX97
N,TSP0JNYT1-02,CWWLGWHNXX98
N,TSP0JNYT1-02,CWWLGWHNXX99
N,TSP0JNYT1-02,CWWLGWHNXX2X
N,TSP0JNYT1-02,CWWLGWHNXX29
N,TSP0JNYT1-02,CWWLGWHNXX22
N,TSP0JNYT1-02,CWWLGWHNXX23
N,TSP0JNYT1-02,CYWLGWHNXX24
N,TSP0JL55B-02,ZYWLGK72XXX9
N,TSP0JRGW4-02,WCWLGKYWXXX9
N,TSP0JL4R1-02,ZYWLGKY9XXX9
N,TSP0JRH8L-02,PLWLGLGYXXX9
N,TSP0JL4K6-02,ZYWLGLN4XXX9
N,TSP0JUD1T-02,MGWLGMGRXXX9
N,TSP0JUCXE-02,MGWLGMGPXXX9
N,TSP0JUD00-22,MGWLGMYKXXX9
N,TSP0H5V1W-02,ZYWLGMV9XXX9
N,TSP0JU98A-22,WCWLGMWJXXX9
N,TSP0JUCQ7-22,MGWLGMN6XXX9
N,TSP0JUCTU-22,MGWLGMN7XXX9
N,TSP0JUCRX-22,MGWLGMN2XXX9
N,TSP0JUCVL-22,MGWLGMN8XXX9
N,TSP0JUCW4-22,MGWLGMN9XXX9
N,TSP0JUCYM-22,MGWLGMPWXXX9
N,TSP0JV9FW-22,MGWLGPMYXXX9
N,TSP0JV9EH-22,MGWLGPMWXXX9
D,TSP09EQ4A-02,95.HCGS.367675..NZ
D,TSP09NJ2F-04,WXW99X77
D,TSP0CJ1GG-02,WCWKPTNPXXX9
D,TSP0CPMH4-22,WCWKVYYWXXX2
D,TSP0EW5NJ-04,Y9XXX457
D,TSP0FNM3M-02,ZYWK9WLHXXX9        
R,TSP0GRFEQ-04,
N,TSP0GT2K3-02,ZYWLW7PPXXX9
N,TSP0HNYTL-02,ZYWLYWKHXXX9
N,TSP0HQGVG-02,ZYWLGN95XXX9
D,TSP0HQVF2-22,WCWLC7T8XXX9       
N,TSP0JL4DH-02,ZYWLYWHYXXX9
N,TSP0JRGW4-02,WCWLGKYWXXX9           
N,TSP0JV9EH-22,MGWLGPMWXXX9
N,TSP0JV9FW-22,MGWLGPMYXXX9
N,TSP0JT67R-02,WCWLYHK5XXX9
N,TSP0JNQ15-02,WCWLYR8FXXX9
N,TSP0JNQ9W-02,WCWK9262XXX9
N,TSP0JNPWH-02,WCWLYYKJXXX9
N,TSP0H01YY-02,WCWLYY3XXXX9
N,TSP0GYU0V-02,WCWLYGM7XXX9
N,TSP0JJK3G-02,WCWLYHG3XXX9
N,TSP0JJKVL-02,WCWLYCX7XXX9 
N,TSP0JJKUQ-02,WCWLCPTMXXX9
N,TSP0JNPPR-02,W9Y56689
N,TSP0JNPY2-02,W9Y56685
N,TSP0JNQ38-02,W9Y56429
N,TSP0JNQ70-02,W9Y56469
N,TSP0JNQ5T-02,W9Y56947 
N,TSP0JJJ4F-02,WCWLYFP4XXX9
N,TSP0JNPDU-02,W9Y56459
N,TSP0GYN24-02   ,WCWLWH8RXXX9
